{"stat.walkOneCm":22461,"stat.playerKills":1,"stat.leaveGame":3,"stat.useItem.minecraft.log2":8,"stat.mineBlock.minecraft.double_plant":1,"tombstone:tomb_raiding":1,"stat.useItem.minecraft.rotten_flesh":2,"stat.jump":306,"stat.fallOneCm":4370,"stat.entityKilledBy.Skeleton":1,"stat.crouchOneCm":409,"stat.pickup.minecraft.dirt":5,"stat.useItem.minecraft.dirt":4,"stat.sprintOneCm":23191,"stat.useItem.minecraft.stone_slab2":2,"stat.pickup.minecraft.rotten_flesh":2,"tombstone:sneak_grave":1,"stat.mineBlock.minecraft.log2":9,"stat.damageTaken":530,"stat.mobKills":1,"stat.pickup.minecraft.log2":9,"stat.entityKilledBy.Creeper":1,"stat.flyOneCm":50453,"stat.deaths":2,"tombstone:undead_killed":1,"stat.pickup.minecraft.wheat_seeds":4,"stat.drop":2,"stat.playOneMinute":21264,"stat.drop.minecraft.wheat_seeds":5,"stat.sneakTime":209,"stat.damageDealt":695,"stat.killEntity.Zombie":1,"stat.pickup.zawa.care_guide":1,"stat.timeSinceDeath":7675,"stat.mineBlock.minecraft.dirt":5,"stat.mineBlock.minecraft.tallgrass":51}