{"stat.pickup.minecraft.redstone_torch":1,"stat.leaveGame":7,"stat.pickup.minecraft.arrow":1,"stat.useItem.minecraft.log2":8,"stat.useItem.spartanweaponry.crossbow_lead":2,"stat.useItem.minecraft.rotten_flesh":2,"stat.jump":692,"stat.swimOneCm":1719,"stat.fallOneCm":34434,"stat.crouchOneCm":3208,"stat.pickup.minecraft.dirt":15,"stat.useItem.minecraft.dirt":309,"stat.useItem.minecraft.stone_slab2":50,"stat.pickup.minecraft.rotten_flesh":2,"tombstone:sneak_grave":1,"stat.mineBlock.minecraft.log2":9,"stat.damageTaken":1220,"stat.pickup.cfm.digital_clock":1,"stat.drop.minecraft.water_bucket":1,"stat.pickup.minecraft.cobblestone":6,"stat.pickup.minecraft.log2":9,"stat.flyOneCm":170523,"tombstone:undead_killed":1,"stat.pickup.minecraft.wheat_seeds":7,"stat.drop.minecraft.wheat_seeds":5,"stat.entityKilledBy.Zombie":1,"stat.damageDealt":705,"stat.pickup.minecraft.redstone":1,"stat.timeSinceDeath":23114,"stat.mineBlock.minecraft.dirt":5,"stat.walkOneCm":90299,"stat.playerKills":2,"stat.drop.minecraft.dirt":5,"stat.mineBlock.minecraft.double_plant":1,"tombstone:tomb_raiding":1,"stat.useItem.spartanweaponry.boomerang_tin":5,"stat.useItem.minecraft.redstone":19,"stat.drop.cfm.digital_clock":1,"stat.entityKilledBy.Skeleton":1,"stat.sprintOneCm":44444,"stat.useItem.minecraft.redstone_ore":3,"stat.useItem.chisel.dirt":7,"stat.mobKills":1,"stat.entityKilledBy.Creeper":1,"stat.deaths":4,"stat.pickup.minecraft.water_bucket":1,"stat.drop":7,"stat.playOneMinute":52078,"stat.sneakTime":1090,"stat.killEntity.Zombie":1,"stat.drop.minecraft.arrow":1,"stat.pickup.zawa.care_guide":1,"stat.drop.zawa.care_guide":1,"stat.mineBlock.minecraft.tallgrass":58,"stat.diveOneCm":2469}