{"stat.walkOneCm":36103,"stat.playerKills":1,"stat.leaveGame":6,"stat.pickup.minecraft.arrow":1,"stat.useItem.minecraft.log2":8,"stat.mineBlock.minecraft.double_plant":1,"tombstone:tomb_raiding":1,"stat.useItem.minecraft.rotten_flesh":2,"stat.jump":367,"stat.fallOneCm":4579,"stat.entityKilledBy.Skeleton":1,"stat.crouchOneCm":409,"stat.pickup.minecraft.dirt":5,"stat.useItem.minecraft.dirt":4,"stat.sprintOneCm":24699,"stat.useItem.minecraft.stone_slab2":2,"stat.pickup.minecraft.rotten_flesh":2,"tombstone:sneak_grave":1,"stat.mineBlock.minecraft.log2":9,"stat.damageTaken":770,"stat.pickup.cfm.digital_clock":1,"stat.mobKills":1,"stat.pickup.minecraft.log2":9,"stat.entityKilledBy.Creeper":1,"stat.flyOneCm":62325,"stat.deaths":3,"stat.pickup.minecraft.water_bucket":1,"tombstone:undead_killed":1,"stat.pickup.minecraft.wheat_seeds":4,"stat.drop":2,"stat.playOneMinute":28287,"stat.drop.minecraft.wheat_seeds":5,"stat.entityKilledBy.Zombie":1,"stat.sneakTime":209,"stat.damageDealt":695,"stat.killEntity.Zombie":1,"stat.pickup.zawa.care_guide":1,"stat.timeSinceDeath":5718,"stat.mineBlock.minecraft.dirt":5,"stat.mineBlock.minecraft.tallgrass":58}