{"stat.leaveGame":7,"stat.pickup.minecraft.arrow":1,"stat.useItem.minecraft.log2":8,"stat.useItem.minecraft.rotten_flesh":2,"stat.jump":589,"stat.swimOneCm":1719,"stat.fallOneCm":34434,"stat.crouchOneCm":2710,"stat.pickup.minecraft.dirt":13,"stat.useItem.minecraft.dirt":177,"stat.useItem.minecraft.stone_slab2":8,"stat.pickup.minecraft.rotten_flesh":2,"tombstone:sneak_grave":1,"stat.mineBlock.minecraft.log2":9,"stat.damageTaken":1220,"stat.pickup.cfm.digital_clock":1,"stat.drop.minecraft.water_bucket":1,"stat.pickup.minecraft.cobblestone":2,"stat.pickup.minecraft.log2":9,"stat.flyOneCm":163056,"tombstone:undead_killed":1,"stat.pickup.minecraft.wheat_seeds":4,"stat.drop.minecraft.wheat_seeds":5,"stat.entityKilledBy.Zombie":1,"stat.damageDealt":705,"stat.timeSinceDeath":10514,"stat.mineBlock.minecraft.dirt":5,"stat.walkOneCm":54228,"stat.playerKills":2,"stat.drop.minecraft.dirt":5,"stat.mineBlock.minecraft.double_plant":1,"tombstone:tomb_raiding":1,"stat.drop.cfm.digital_clock":1,"stat.entityKilledBy.Skeleton":1,"stat.sprintOneCm":39616,"stat.mobKills":1,"stat.entityKilledBy.Creeper":1,"stat.deaths":4,"stat.pickup.minecraft.water_bucket":1,"stat.drop":7,"stat.playOneMinute":39478,"stat.sneakTime":816,"stat.killEntity.Zombie":1,"stat.drop.minecraft.arrow":1,"stat.pickup.zawa.care_guide":1,"stat.drop.zawa.care_guide":1,"stat.mineBlock.minecraft.tallgrass":58,"stat.diveOneCm":2469}