{"stats":{"minecraft:picked_up":{"minecraft:birch_log":5,"minecraft:crafting_table":1,"changed:dark_latex_mask":2,"minecraft:wooden_pickaxe":2,"minecraft:birch_planks":20,"changed:dark_latex_goo":16,"changed:orange":1,"minecraft:coal":24,"minecraft:cobblestone":26},"minecraft:mined":{"minecraft:coal_ore":24,"minecraft:birch_log":5,"minecraft:stone":25,"minecraft:crafting_table":1},"minecraft:crafted":{"minecraft:birch_planks":20,"minecraft:stone_axe":1,"minecraft:stick":4,"minecraft:stone_pickaxe":1},"minecraft:killed":{"changed:dark_latex_pup":6},"minecraft:killed_by":{"minecraft:player":1},"minecraft:used":{"minecraft:stone_axe":1,"changed:orange":1,"minecraft:stone_pickaxe":37,"minecraft:wooden_pickaxe":13},"minecraft:custom":{"minecraft:time_since_rest":7718,"minecraft:deaths":1,"minecraft:play_time":17479,"minecraft:crouch_one_cm":1589,"minecraft:sprint_one_cm":35449,"minecraft:damage_taken":414,"minecraft:walk_one_cm":26894,"minecraft:sneak_time":1032,"minecraft:mob_kills":6,"minecraft:jump":482,"minecraft:damage_dealt":900,"minecraft:walk_on_water_one_cm":626,"minecraft:time_since_death":7619,"minecraft:total_world_time":17479,"minecraft:interact_with_crafting_table":2,"minecraft:fall_one_cm":16875,"minecraft:fly_one_cm":54945}},"DataVersion":2975}