{"stats":{"minecraft:mined":{"minecraft:white_bed":1,"minecraft:deepslate_diamond_ore":6,"minecraft:birch_log":5,"minecraft:iron_ore":18,"minecraft:cobbled_deepslate":3,"minecraft:crafting_table":1,"minecraft:grass":3,"minecraft:coal_ore":24,"minecraft:deepslate_iron_ore":23,"minecraft:tall_grass":1,"minecraft:cobblestone":4,"minecraft:stone":65,"minecraft:deepslate":4},"minecraft:picked_up":{"minecraft:birch_log":5,"minecraft:raw_iron":41,"minecraft:crafting_table":1,"changed:dark_latex_mask":2,"minecraft:wooden_pickaxe":2,"minecraft:birch_planks":20,"minecraft:white_bed":1,"minecraft:gunpowder":2,"changed:orange":1,"minecraft:dirt":16,"minecraft:rotten_flesh":2,"minecraft:diamond":6,"minecraft:cobbled_deepslate":7,"changed:dark_latex_goo":19,"minecraft:coal":24,"minecraft:white_wool":1,"minecraft:cobblestone":58,"minecraft:egg":1},"minecraft:crafted":{"minecraft:iron_boots":1,"minecraft:iron_chestplate":1,"minecraft:stick":8,"minecraft:iron_ingot":28,"minecraft:iron_pickaxe":1,"minecraft:stone_pickaxe":1,"minecraft:iron_leggings":1,"minecraft:furnace":1,"minecraft:birch_planks":20,"minecraft:stone_axe":1,"minecraft:air":0},"minecraft:killed":{"changed:dark_latex_pup":6,"changed:latex_keon_wolf":1,"minecraft:zombie":3,"minecraft:creeper":1},"minecraft:killed_by":{"minecraft:player":3},"minecraft:used":{"minecraft:stone_pickaxe":102,"minecraft:iron_pickaxe":38,"minecraft:wooden_pickaxe":13,"minecraft:rotten_flesh":2,"minecraft:stone_axe":12,"changed:orange":1,"minecraft:cobblestone":37,"minecraft:crafting_table":1,"minecraft:furnace":1,"minecraft:cobbled_deepslate":4},"minecraft:custom":{"minecraft:time_since_rest":674,"minecraft:interact_with_furnace":11,"minecraft:sprint_one_cm":68316,"minecraft:damage_taken":1178,"minecraft:walk_one_cm":82768,"minecraft:mob_kills":10,"minecraft:damage_dealt":1873,"minecraft:player_kills":1,"minecraft:interact_with_crafting_table":8,"minecraft:fly_one_cm":104872,"minecraft:crouch_one_cm":5170,"minecraft:play_time":41479,"minecraft:deaths":4,"minecraft:sneak_time":3212,"minecraft:aviate_one_cm":44339,"minecraft:jump":903,"minecraft:time_since_death":646,"minecraft:walk_on_water_one_cm":626,"minecraft:total_world_time":41479,"minecraft:fall_one_cm":30008}},"DataVersion":2975}