{"stats":{"minecraft:mined":{"minecraft:white_bed":2,"minecraft:deepslate_diamond_ore":6,"minecraft:iron_ore":19,"minecraft:birch_log":5,"minecraft:cobbled_deepslate":3,"minecraft:crafting_table":1,"minecraft:grass":6,"minecraft:coal_ore":24,"minecraft:deepslate_iron_ore":23,"minecraft:dirt":5,"minecraft:tall_grass":1,"minecraft:cobblestone":8,"minecraft:stone":69,"minecraft:deepslate":4},"minecraft:picked_up":{"minecraft:birch_log":5,"minecraft:crafting_table":1,"minecraft:raw_iron":42,"minecraft:feather":2,"changed:dark_latex_mask":2,"minecraft:chicken":3,"minecraft:wooden_pickaxe":2,"minecraft:birch_planks":20,"minecraft:gunpowder":2,"minecraft:white_bed":2,"changed:orange":1,"minecraft:dirt":20,"minecraft:rotten_flesh":2,"minecraft:diamond":6,"minecraft:wheat_seeds":1,"minecraft:cobbled_deepslate":7,"changed:dark_latex_goo":19,"minecraft:cod":2,"minecraft:coal":24,"minecraft:white_wool":1,"minecraft:cobblestone":63,"minecraft:egg":3},"minecraft:crafted":{"minecraft:iron_chestplate":1,"minecraft:iron_boots":1,"minecraft:stick":8,"minecraft:iron_ingot":28,"minecraft:iron_pickaxe":1,"minecraft:stone_pickaxe":1,"minecraft:iron_leggings":1,"minecraft:furnace":1,"minecraft:birch_planks":20,"minecraft:stone_axe":1,"minecraft:air":0},"minecraft:killed":{"changed:dark_latex_pup":6,"minecraft:zombie":3,"changed:latex_keon_wolf":1,"minecraft:chicken":3,"minecraft:creeper":1},"minecraft:killed_by":{"minecraft:player":7},"minecraft:dropped":{"minecraft:wheat_seeds":1,"spartanweaponry:stone_boomerang":1},"minecraft:used":{"minecraft:stone_pickaxe":102,"minecraft:birch_planks":16,"minecraft:iron_pickaxe":64,"spartanweaponry:stone_boomerang":7,"minecraft:wooden_pickaxe":13,"minecraft:rotten_flesh":2,"changed:orange":1,"minecraft:stone_axe":12,"minecraft:dirt":20,"minecraft:cobblestone":44,"minecraft:crafting_table":1,"minecraft:furnace":1,"minecraft:white_bed":2,"minecraft:egg":1,"minecraft:cod":2,"minecraft:cobbled_deepslate":7},"minecraft:custom":{"minecraft:time_since_rest":3177,"minecraft:damage_taken":2685,"minecraft:sprint_one_cm":94665,"minecraft:interact_with_furnace":11,"minecraft:walk_one_cm":113362,"minecraft:mob_kills":13,"minecraft:drop":2,"minecraft:damage_dealt":2248,"minecraft:swim_one_cm":16456,"minecraft:interact_with_crafting_table":8,"minecraft:fly_one_cm":368507,"minecraft:player_kills":2,"minecraft:crouch_one_cm":8672,"minecraft:play_time":64469,"minecraft:deaths":9,"minecraft:sneak_time":5086,"minecraft:walk_under_water_one_cm":6543,"minecraft:aviate_one_cm":44339,"minecraft:jump":1955,"minecraft:leave_game":4,"minecraft:time_since_death":3152,"minecraft:walk_on_water_one_cm":8395,"minecraft:total_world_time":64469,"minecraft:fall_one_cm":64119}},"DataVersion":2975}