{"stats":{"minecraft:mined":{"minecraft:deepslate_diamond_ore":6,"minecraft:birch_log":5,"minecraft:iron_ore":17,"minecraft:cobbled_deepslate":3,"minecraft:crafting_table":1,"minecraft:coal_ore":24,"minecraft:deepslate_iron_ore":20,"minecraft:cobblestone":3,"minecraft:stone":65,"minecraft:deepslate":4},"minecraft:picked_up":{"minecraft:birch_log":5,"minecraft:raw_iron":37,"minecraft:crafting_table":1,"changed:dark_latex_mask":2,"minecraft:wooden_pickaxe":2,"minecraft:birch_planks":20,"minecraft:gunpowder":2,"changed:orange":1,"minecraft:rotten_flesh":1,"minecraft:diamond":6,"minecraft:cobbled_deepslate":7,"changed:dark_latex_goo":16,"minecraft:coal":24,"minecraft:cobblestone":57},"minecraft:crafted":{"minecraft:iron_boots":1,"minecraft:iron_chestplate":1,"minecraft:stick":8,"minecraft:iron_ingot":27,"minecraft:iron_pickaxe":1,"minecraft:stone_pickaxe":1,"minecraft:iron_leggings":1,"minecraft:furnace":1,"minecraft:birch_planks":20,"minecraft:stone_axe":1,"minecraft:air":0},"minecraft:killed":{"changed:dark_latex_pup":6,"changed:latex_keon_wolf":1,"minecraft:zombie":1,"minecraft:creeper":1},"minecraft:killed_by":{"minecraft:player":1},"minecraft:used":{"minecraft:stone_pickaxe":101,"minecraft:iron_pickaxe":29,"minecraft:wooden_pickaxe":13,"minecraft:rotten_flesh":1,"minecraft:stone_axe":10,"changed:orange":1,"minecraft:cobblestone":30,"minecraft:crafting_table":1,"minecraft:furnace":1,"minecraft:cobbled_deepslate":4},"minecraft:custom":{"minecraft:time_since_rest":19718,"minecraft:interact_with_furnace":10,"minecraft:sprint_one_cm":44340,"minecraft:damage_taken":503,"minecraft:walk_one_cm":54671,"minecraft:mob_kills":9,"minecraft:damage_dealt":1539,"minecraft:interact_with_crafting_table":8,"minecraft:fly_one_cm":65513,"minecraft:crouch_one_cm":3874,"minecraft:play_time":29479,"minecraft:deaths":1,"minecraft:sneak_time":2691,"minecraft:jump":670,"minecraft:time_since_death":19619,"minecraft:walk_on_water_one_cm":626,"minecraft:total_world_time":29479,"minecraft:fall_one_cm":22606}},"DataVersion":2975}