{"stat.walkOneCm":45480,"stat.pickup.minecraft.bone":1,"stat.leaveGame":8,"stat.pickup.minecraft.arrow":1,"stat.useItem.minecraft.lava_bucket":18,"stat.useItem.minecraft.diamond_sword":16,"stat.jump":407,"stat.swimOneCm":1240,"stat.fallOneCm":47379,"stat.useItem.tombstone.gift":1,"stat.useItem.spartanweaponry.boomerang_diamond":22,"stat.crouchOneCm":959,"stat.pickup.minecraft.dirt":28,"stat.useItem.minecraft.dirt":209,"stat.sprintOneCm":15828,"stat.useItem.minecraft.stone_slab2":2,"stat.useItem.minecraft.water_bucket":13,"stat.pickup.minecraft.rotten_flesh":2,"stat.killEntity.Skeleton":1,"stat.damageTaken":833,"stat.killEntity.Spider":1,"stat.mobKills":6,"stat.pickup.minecraft.cobblestone":1,"stat.useItem.minecraft.bucket":9,"stat.flyOneCm":339474,"stat.deaths":3,"tombstone:undead_killed":5,"stat.pickup.minecraft.wheat_seeds":4,"stat.playOneMinute":37766,"stat.sneakTime":614,"stat.damageDealt":1092,"stat.killEntity.Zombie":4,"stat.pickup.zawa.care_guide":1,"stat.timeSinceDeath":2987,"stat.mineBlock.minecraft.tallgrass":30}