{"stat.walkOneCm":24906,"stat.pickup.minecraft.bone":1,"stat.leaveGame":6,"stat.pickup.minecraft.arrow":1,"stat.useItem.minecraft.lava_bucket":9,"stat.useItem.minecraft.diamond_sword":16,"stat.jump":166,"stat.swimOneCm":99,"stat.fallOneCm":211,"stat.useItem.tombstone.gift":1,"stat.useItem.spartanweaponry.boomerang_diamond":18,"stat.crouchOneCm":201,"stat.pickup.minecraft.dirt":25,"stat.useItem.minecraft.dirt":99,"stat.sprintOneCm":7166,"stat.useItem.minecraft.stone_slab2":2,"stat.useItem.minecraft.water_bucket":13,"stat.pickup.minecraft.rotten_flesh":2,"stat.killEntity.Skeleton":1,"stat.damageTaken":408,"stat.killEntity.Spider":1,"stat.mobKills":6,"stat.flyOneCm":119929,"stat.deaths":1,"tombstone:undead_killed":5,"stat.pickup.minecraft.wheat_seeds":3,"stat.playOneMinute":27871,"stat.sneakTime":135,"stat.damageDealt":1072,"stat.killEntity.Zombie":4,"stat.pickup.zawa.care_guide":1,"stat.timeSinceDeath":25589,"stat.mineBlock.minecraft.tallgrass":12}