{"stats":{"minecraft:picked_up":{"changed:dark_latex_goo":8,"changed:dark_latex_mask":1,"changed:orange":1,"minecraft:birch_log":5},"minecraft:mined":{"minecraft:birch_log":5},"minecraft:killed":{"changed:dark_latex_pup":6},"minecraft:custom":{"minecraft:jump":152,"minecraft:time_since_rest":5479,"minecraft:damage_dealt":852,"minecraft:sprint_one_cm":5247,"minecraft:play_time":5479,"minecraft:damage_taken":60,"minecraft:time_since_death":5479,"minecraft:walk_one_cm":8687,"minecraft:total_world_time":5479,"minecraft:mob_kills":6,"minecraft:fall_one_cm":2388,"minecraft:fly_one_cm":4403}},"DataVersion":2975}