{"stat.pickup.minecraft.rotten_flesh":2,"stat.walkOneCm":16058,"stat.leaveGame":4,"stat.damageTaken":408,"stat.killEntity.Spider":1,"stat.useItem.minecraft.lava_bucket":4,"stat.mobKills":5,"stat.useItem.minecraft.diamond_sword":16,"stat.flyOneCm":39174,"stat.deaths":1,"tombstone:undead_killed":4,"stat.pickup.minecraft.wheat_seeds":2,"stat.jump":89,"stat.swimOneCm":99,"stat.playOneMinute":17608,"stat.fallOneCm":211,"stat.useItem.tombstone.gift":1,"stat.sneakTime":42,"stat.damageDealt":932,"stat.crouchOneCm":153,"stat.killEntity.Zombie":4,"stat.pickup.zawa.care_guide":1,"stat.timeSinceDeath":15326,"stat.pickup.minecraft.dirt":15,"stat.useItem.minecraft.dirt":45,"stat.sprintOneCm":3805,"stat.mineBlock.minecraft.tallgrass":12,"stat.useItem.minecraft.water_bucket":12}