{"stats":{"minecraft:mined":{"minecraft:white_bed":1,"minecraft:deepslate_diamond_ore":6,"minecraft:birch_log":5,"minecraft:iron_ore":19,"minecraft:cobbled_deepslate":3,"minecraft:crafting_table":1,"minecraft:grass":6,"minecraft:coal_ore":24,"minecraft:deepslate_iron_ore":23,"minecraft:dirt":1,"minecraft:tall_grass":1,"minecraft:cobblestone":4,"minecraft:stone":65,"minecraft:deepslate":4},"minecraft:picked_up":{"minecraft:birch_log":5,"minecraft:feather":2,"minecraft:raw_iron":42,"minecraft:crafting_table":1,"changed:dark_latex_mask":2,"minecraft:chicken":3,"minecraft:wooden_pickaxe":2,"minecraft:birch_planks":20,"minecraft:white_bed":1,"minecraft:gunpowder":2,"changed:orange":1,"minecraft:dirt":17,"minecraft:rotten_flesh":2,"minecraft:diamond":6,"minecraft:wheat_seeds":1,"minecraft:cobbled_deepslate":7,"changed:dark_latex_goo":19,"minecraft:cod":2,"minecraft:coal":24,"minecraft:white_wool":1,"minecraft:cobblestone":58,"minecraft:egg":2},"minecraft:crafted":{"minecraft:iron_boots":1,"minecraft:iron_chestplate":1,"minecraft:stick":8,"minecraft:iron_ingot":28,"minecraft:iron_pickaxe":1,"minecraft:stone_pickaxe":1,"minecraft:iron_leggings":1,"minecraft:furnace":1,"minecraft:birch_planks":20,"minecraft:stone_axe":1,"minecraft:air":0},"minecraft:killed":{"changed:dark_latex_pup":6,"changed:latex_keon_wolf":1,"minecraft:zombie":3,"minecraft:chicken":3,"minecraft:creeper":1},"minecraft:killed_by":{"minecraft:player":3},"minecraft:dropped":{"minecraft:wheat_seeds":1},"minecraft:used":{"minecraft:birch_planks":1,"minecraft:stone_pickaxe":102,"minecraft:iron_pickaxe":44,"minecraft:wooden_pickaxe":13,"minecraft:rotten_flesh":2,"minecraft:stone_axe":12,"changed:orange":1,"minecraft:dirt":17,"minecraft:cobblestone":44,"minecraft:crafting_table":1,"minecraft:furnace":1,"minecraft:cod":2,"minecraft:white_bed":1,"minecraft:egg":1,"minecraft:cobbled_deepslate":7},"minecraft:custom":{"minecraft:time_since_rest":2459,"minecraft:interact_with_furnace":11,"minecraft:sprint_one_cm":77117,"minecraft:damage_taken":1557,"minecraft:walk_one_cm":99260,"minecraft:mob_kills":13,"minecraft:drop":1,"minecraft:damage_dealt":2062,"minecraft:swim_one_cm":3480,"minecraft:player_kills":1,"minecraft:interact_with_crafting_table":8,"minecraft:fly_one_cm":240707,"minecraft:crouch_one_cm":7088,"minecraft:play_time":53479,"minecraft:deaths":5,"minecraft:sneak_time":4180,"minecraft:walk_under_water_one_cm":4786,"minecraft:aviate_one_cm":44339,"minecraft:jump":1412,"minecraft:time_since_death":2436,"minecraft:walk_on_water_one_cm":5018,"minecraft:total_world_time":53479,"minecraft:fall_one_cm":45563}},"DataVersion":2975}