{"stat.walkOneCm":75840,"stat.pickup.minecraft.bone":1,"stat.pickup.minecraft.redstone_torch":3,"stat.leaveGame":8,"stat.pickup.minecraft.arrow":1,"stat.useItem.minecraft.lava_bucket":18,"stat.useItem.minecraft.diamond_sword":16,"stat.jump":464,"stat.swimOneCm":1240,"stat.fallOneCm":47379,"stat.useItem.tombstone.gift":1,"stat.useItem.spartanweaponry.boomerang_diamond":22,"stat.crouchOneCm":1301,"stat.pickup.minecraft.sapling":1,"stat.pickup.minecraft.dirt":29,"stat.useItem.minecraft.dirt":381,"stat.sprintOneCm":22006,"stat.useItem.minecraft.stone_slab2":69,"stat.useItem.minecraft.redstone_ore":11,"stat.useItem.minecraft.water_bucket":13,"stat.pickup.minecraft.rotten_flesh":2,"stat.killEntity.Skeleton":1,"stat.damageTaken":833,"stat.killEntity.Spider":1,"stat.drop.minecraft.bone":1,"stat.mobKills":6,"stat.pickup.minecraft.cobblestone":1,"stat.useItem.minecraft.bucket":9,"stat.pickup.usefulslime.slimesling":1,"stat.flyOneCm":351971,"stat.deaths":3,"tombstone:undead_killed":5,"stat.pickup.minecraft.wheat_seeds":4,"stat.drop":1,"stat.playOneMinute":50366,"stat.sneakTime":736,"stat.pickup.minecraft.lava_bucket":1,"stat.damageDealt":1092,"stat.killEntity.Zombie":4,"stat.pickup.zawa.care_guide":1,"stat.timeSinceDeath":15587,"stat.mineBlock.minecraft.tallgrass":30}