{"stats":{"minecraft:mined":{"minecraft:white_bed":2,"minecraft:deepslate_diamond_ore":6,"minecraft:crafting_table":1,"changed:blue_lab_door":1,"minecraft:grass_block":1,"minecraft:cobblestone":8,"minecraft:tall_grass":2,"changed:wolf_gas_canister":3,"minecraft:oak_planks":1,"minecraft:birch_planks":1,"minecraft:birch_log":5,"minecraft:iron_ore":19,"minecraft:cobbled_deepslate":3,"minecraft:grass":6,"minecraft:coal_ore":24,"minecraft:deepslate_iron_ore":23,"minecraft:dirt":5,"minecraft:stone":70,"minecraft:deepslate":4},"minecraft:picked_up":{"minecraft:birch_log":5,"minecraft:crafting_table":1,"minecraft:feather":2,"changed:dark_latex_mask":2,"minecraft:chicken":3,"minecraft:wooden_pickaxe":2,"minecraft:birch_planks":21,"minecraft:gunpowder":2,"minecraft:dirt":21,"minecraft:wheat_seeds":1,"minecraft:cobbled_deepslate":7,"changed:dark_latex_goo":19,"minecraft:egg":3,"minecraft:raw_iron":42,"changed:wolf_gas_canister":3,"changed:benign_pants":1,"changed:orange":1,"minecraft:white_bed":2,"changed:blue_lab_door":1,"minecraft:rotten_flesh":2,"minecraft:diamond":6,"minecraft:coal":24,"minecraft:cod":2,"minecraft:white_wool":1,"minecraft:cobblestone":64},"minecraft:crafted":{"minecraft:furnace":1,"minecraft:birch_planks":20,"minecraft:stone_axe":1,"minecraft:air":0,"minecraft:iron_boots":1,"minecraft:iron_chestplate":1,"minecraft:stick":8,"minecraft:iron_ingot":28,"minecraft:iron_pickaxe":1,"minecraft:stone_pickaxe":1,"minecraft:iron_leggings":1},"minecraft:killed":{"changed:dark_latex_pup":6,"minecraft:creeper":1,"changed:latex_keon_wolf":1,"minecraft:zombie":3,"minecraft:chicken":3},"minecraft:killed_by":{"minecraft:player":8},"minecraft:dropped":{"minecraft:wheat_seeds":1,"spartanweaponry:stone_boomerang":1},"minecraft:used":{"changed:wolf_gas_canister":2,"minecraft:birch_planks":16,"minecraft:stone_pickaxe":102,"changed:syringe":4,"minecraft:wooden_pickaxe":13,"changed:blood_syringe":4,"minecraft:rotten_flesh":2,"minecraft:dirt":20,"minecraft:crafting_table":1,"minecraft:white_bed":2,"minecraft:cod":2,"minecraft:iron_pickaxe":67,"spartanweaponry:stone_boomerang":7,"minecraft:stone_axe":12,"changed:orange":1,"minecraft:cobblestone":46,"minecraft:furnace":1,"minecraft:egg":1,"minecraft:cobbled_deepslate":7},"minecraft:custom":{"minecraft:interact_with_furnace":11,"minecraft:mob_kills":13,"minecraft:interact_with_crafting_table":8,"minecraft:leave_game":4,"minecraft:time_since_death":2130,"minecraft:climb_one_cm":828,"minecraft:time_since_rest":2167,"minecraft:sprint_one_cm":128870,"minecraft:damage_taken":3129,"minecraft:walk_one_cm":130780,"minecraft:drop":2,"minecraft:damage_dealt":2258,"minecraft:swim_one_cm":23521,"minecraft:fly_one_cm":417595,"minecraft:player_kills":3,"minecraft:open_chest":1,"minecraft:crouch_one_cm":8672,"minecraft:play_time":74103,"minecraft:deaths":11,"minecraft:sneak_time":5087,"minecraft:walk_under_water_one_cm":6626,"minecraft:aviate_one_cm":44339,"minecraft:jump":2218,"minecraft:walk_on_water_one_cm":8585,"minecraft:total_world_time":74103,"minecraft:fall_one_cm":74436}},"DataVersion":2975}