{"stats":{"minecraft:mined":{"minecraft:furnace":1,"minecraft:iron_ore":5,"minecraft:birch_log":27,"minecraft:birch_leaves":2,"minecraft:powder_snow":1,"changed:latex_wolf_crystal":1,"minecraft:pumpkin":11,"minecraft:crafting_table":3,"minecraft:grass":3,"minecraft:coal_ore":24,"minecraft:cobblestone":7,"minecraft:stone":43,"changed:latex_crystal":1},"minecraft:picked_up":{"minecraft:birch_log":27,"minecraft:raw_iron":5,"minecraft:crafting_table":3,"changed:dark_latex_mask":1,"minecraft:pumpkin":10,"changed:dark_latex_crystal_fragment":1,"minecraft:gunpowder":2,"changed:orange":13,"minecraft:wheat_seeds":1,"changed:dark_latex_goo":24,"minecraft:coal":41,"minecraft:white_wool":14,"minecraft:cobblestone":49,"minecraft:furnace":1},"minecraft:crafted":{"spartanweaponry:pole":4,"minecraft:crafting_table":2,"minecraft:stick":32,"spartanweaponry:stone_warhammer":1,"minecraft:iron_pickaxe":1,"minecraft:iron_ingot":5,"minecraft:wooden_pickaxe":1,"minecraft:stone_pickaxe":1,"spartanweaponry:handle":4,"minecraft:furnace":1,"minecraft:white_bed":1,"minecraft:birch_door":3,"minecraft:birch_planks":68,"minecraft:stone_axe":1,"minecraft:shears":1,"minecraft:air":0,"spartanweaponry:stone_boomerang":1},"minecraft:killed":{"changed:dark_latex_pup":28,"changed:light_latex_wolf_male":1,"minecraft:zombie":1,"minecraft:spider":1,"minecraft:creeper":1},"minecraft:dropped":{"minecraft:stone_axe":1,"minecraft:wheat_seeds":1,"changed:dark_latex_goo":8,"changed:dark_latex_crystal_fragment":1,"minecraft:wooden_pickaxe":1},"minecraft:custom":{"minecraft:time_since_rest":25624,"minecraft:interact_with_furnace":3,"minecraft:sprint_one_cm":40642,"minecraft:damage_taken":211,"minecraft:walk_one_cm":97215,"minecraft:mob_kills":32,"minecraft:drop":12,"minecraft:damage_dealt":4073,"minecraft:swim_one_cm":13990,"minecraft:interact_with_crafting_table":13,"minecraft:fly_one_cm":45395,"minecraft:player_kills":1,"minecraft:crouch_one_cm":386,"minecraft:play_time":25624,"minecraft:sneak_time":471,"minecraft:walk_under_water_one_cm":3418,"minecraft:jump":414,"minecraft:leave_game":1,"minecraft:walk_on_water_one_cm":3362,"minecraft:time_since_death":25624,"minecraft:total_world_time":25624,"minecraft:fall_one_cm":6191},"minecraft:used":{"minecraft:birch_door":1,"minecraft:stone_pickaxe":81,"spartanweaponry:stone_boomerang":8,"minecraft:wooden_pickaxe":3,"minecraft:stone_axe":84,"changed:orange":4,"minecraft:cobblestone":7,"minecraft:crafting_table":5,"minecraft:furnace":1,"minecraft:white_bed":1}},"DataVersion":2975}