{"stats":{"minecraft:mined":{"minecraft:birch_log":27,"minecraft:birch_leaves":2,"minecraft:powder_snow":1,"changed:latex_wolf_crystal":1,"minecraft:pumpkin":11,"minecraft:crafting_table":1,"minecraft:cobblestone":7,"minecraft:stone":15,"changed:latex_crystal":1},"minecraft:picked_up":{"minecraft:birch_log":27,"minecraft:crafting_table":1,"minecraft:pumpkin":10,"changed:dark_latex_crystal_fragment":1,"changed:orange":4,"changed:dark_latex_goo":8,"minecraft:cobblestone":21},"minecraft:crafted":{"minecraft:crafting_table":2,"minecraft:stick":12,"minecraft:wooden_pickaxe":1,"minecraft:stone_pickaxe":1,"minecraft:birch_planks":28,"minecraft:stone_axe":1,"spartanweaponry:stone_boomerang":1},"minecraft:killed":{"changed:dark_latex_pup":11},"minecraft:dropped":{"changed:dark_latex_crystal_fragment":1,"minecraft:wooden_pickaxe":1},"minecraft:used":{"minecraft:stone_pickaxe":23,"spartanweaponry:stone_boomerang":1,"minecraft:wooden_pickaxe":3,"minecraft:stone_axe":50,"changed:orange":2,"minecraft:cobblestone":7,"minecraft:crafting_table":2},"minecraft:custom":{"minecraft:time_since_rest":13624,"minecraft:sprint_one_cm":17074,"minecraft:damage_taken":171,"minecraft:walk_one_cm":57522,"minecraft:mob_kills":11,"minecraft:drop":2,"minecraft:damage_dealt":1432,"minecraft:interact_with_crafting_table":5,"minecraft:fly_one_cm":17474,"minecraft:player_kills":1,"minecraft:crouch_one_cm":386,"minecraft:play_time":13624,"minecraft:sneak_time":405,"minecraft:jump":210,"minecraft:leave_game":1,"minecraft:time_since_death":13624,"minecraft:total_world_time":13624,"minecraft:fall_one_cm":3230}},"DataVersion":2975}