{"stats":{"minecraft:mined":{"changed:latex_wolf_crystal":1,"minecraft:powder_snow":1,"minecraft:crafting_table":3,"minecraft:tall_grass":4,"minecraft:cobblestone":7,"changed:latex_crystal":1,"minecraft:furnace":1,"minecraft:birch_log":27,"minecraft:iron_ore":17,"minecraft:birch_leaves":2,"minecraft:pumpkin":11,"minecraft:grass":5,"minecraft:coal_ore":35,"minecraft:stone":47},"minecraft:picked_up":{"minecraft:birch_log":27,"minecraft:crafting_table":3,"changed:dark_latex_mask":1,"minecraft:salmon":1,"changed:dark_latex_crystal_fragment":2,"minecraft:gunpowder":2,"minecraft:string":2,"minecraft:bone":1,"minecraft:wheat_seeds":3,"changed:dark_latex_goo":40,"minecraft:egg":4,"minecraft:furnace":1,"minecraft:raw_iron":17,"minecraft:pumpkin":10,"changed:orange":26,"minecraft:arrow":2,"minecraft:rotten_flesh":1,"minecraft:cod":2,"minecraft:coal":54,"minecraft:white_wool":33,"minecraft:cobblestone":53},"minecraft:crafted":{"minecraft:fishing_rod":1,"spartanweaponry:pole":4,"minecraft:crafting_table":3,"minecraft:wooden_pickaxe":1,"minecraft:furnace":1,"spartanweaponry:handle":4,"spartanweaponry:stone_rapier":1,"minecraft:birch_planks":68,"minecraft:stone_axe":1,"minecraft:air":0,"minecraft:stick":32,"spartanweaponry:stone_warhammer":1,"minecraft:iron_ingot":5,"minecraft:iron_pickaxe":1,"minecraft:stone_pickaxe":1,"minecraft:white_bed":2,"minecraft:birch_door":3,"minecraft:shears":1,"spartanweaponry:stone_boomerang":1},"minecraft:killed":{"changed:dark_latex_pup":49,"changed:light_latex_wolf_female":1,"changed:light_latex_wolf_male":1,"minecraft:spider":3,"minecraft:creeper":1,"minecraft:skeleton":1,"changed:latex_keon_wolf":1,"minecraft:zombie":2},"minecraft:killed_by":{"minecraft:player":1,"minecraft:skeleton":1},"minecraft:dropped":{"minecraft:stone_axe":1,"minecraft:wheat_seeds":1,"changed:dark_latex_goo":8,"changed:dark_latex_crystal_fragment":1,"minecraft:wooden_pickaxe":1},"minecraft:custom":{"minecraft:interact_with_furnace":3,"minecraft:mob_kills":60,"minecraft:interact_with_crafting_table":16,"minecraft:leave_game":2,"minecraft:time_since_death":2555,"minecraft:sleep_in_bed":2,"minecraft:time_since_rest":2585,"minecraft:sprint_one_cm":104471,"minecraft:damage_taken":1060,"minecraft:walk_one_cm":218179,"minecraft:drop":12,"minecraft:damage_dealt":8640,"minecraft:swim_one_cm":36733,"minecraft:fly_one_cm":123138,"minecraft:player_kills":3,"minecraft:crouch_one_cm":1624,"minecraft:play_time":49237,"minecraft:deaths":4,"minecraft:sneak_time":1333,"minecraft:walk_under_water_one_cm":5122,"minecraft:jump":920,"minecraft:walk_on_water_one_cm":5723,"minecraft:total_world_time":49237,"minecraft:fish_caught":3,"minecraft:fall_one_cm":21823},"minecraft:used":{"spartanweaponry:stone_warhammer":22,"minecraft:stone_pickaxe":108,"minecraft:wooden_pickaxe":3,"minecraft:crafting_table":6,"minecraft:white_bed":2,"minecraft:birch_door":1,"spartanweaponry:stone_rapier":64,"spartanweaponry:stone_boomerang":25,"minecraft:stone_axe":84,"changed:orange":4,"minecraft:fishing_rod":11,"minecraft:cobblestone":28,"minecraft:furnace":1,"minecraft:egg":2}},"DataVersion":2975}