{"stats":{"minecraft:mined":{"minecraft:white_bed":2,"changed:latex_wolf_crystal":1,"minecraft:powder_snow":1,"minecraft:crafting_table":3,"minecraft:grass_block":2,"minecraft:tall_grass":5,"minecraft:cobblestone":9,"changed:latex_crystal":5,"minecraft:furnace":1,"minecraft:birch_log":27,"minecraft:iron_ore":17,"minecraft:birch_leaves":2,"minecraft:pumpkin":11,"minecraft:yellow_bed":1,"minecraft:grass":5,"changed:latex_wolf_crystal_small":1,"minecraft:coal_ore":35,"minecraft:dirt":2,"minecraft:stone":47},"minecraft:picked_up":{"minecraft:birch_log":27,"minecraft:crafting_table":3,"changed:dark_latex_mask":1,"minecraft:salmon":2,"changed:dark_latex_crystal_fragment":6,"minecraft:yellow_bed":1,"minecraft:gunpowder":2,"minecraft:dirt":4,"minecraft:string":2,"minecraft:bone":1,"minecraft:wheat_seeds":3,"changed:dark_latex_goo":40,"minecraft:oak_planks":1,"minecraft:furnace":1,"minecraft:egg":4,"minecraft:raw_iron":17,"minecraft:pumpkin":10,"minecraft:white_bed":2,"changed:orange":26,"minecraft:arrow":2,"minecraft:rotten_flesh":3,"changed:latex_wolf_crystal_fragment":1,"minecraft:cod":4,"minecraft:coal":54,"minecraft:white_wool":42,"minecraft:cobblestone":56},"minecraft:crafted":{"minecraft:fishing_rod":1,"spartanweaponry:pole":4,"minecraft:crafting_table":3,"minecraft:wooden_pickaxe":1,"minecraft:furnace":1,"spartanweaponry:handle":4,"spartanweaponry:stone_rapier":1,"minecraft:birch_planks":108,"minecraft:stone_axe":1,"minecraft:air":0,"minecraft:stick":32,"spartanweaponry:stone_warhammer":1,"minecraft:iron_ingot":5,"minecraft:iron_pickaxe":1,"minecraft:stone_pickaxe":1,"minecraft:white_bed":2,"minecraft:birch_door":3,"minecraft:shears":1,"spartanweaponry:stone_boomerang":1},"minecraft:killed":{"changed:dark_latex_pup":49,"changed:light_latex_wolf_female":1,"changed:light_latex_wolf_male":1,"minecraft:spider":3,"minecraft:creeper":1,"minecraft:skeleton":2,"changed:latex_keon_wolf":1,"minecraft:zombie":2},"minecraft:killed_by":{"minecraft:player":3,"minecraft:skeleton":1},"minecraft:dropped":{"minecraft:stone_axe":1,"changed:benign_pants":1,"minecraft:wheat_seeds":1,"changed:dark_latex_goo":8,"changed:dark_latex_crystal_fragment":1,"minecraft:wooden_pickaxe":1},"minecraft:custom":{"minecraft:interact_with_furnace":3,"minecraft:mob_kills":61,"minecraft:interact_with_crafting_table":16,"minecraft:leave_game":5,"minecraft:time_since_death":3583,"minecraft:sleep_in_bed":2,"minecraft:time_since_rest":3610,"minecraft:sprint_one_cm":163364,"minecraft:damage_taken":2097,"minecraft:walk_one_cm":275363,"minecraft:drop":13,"minecraft:damage_dealt":9718,"minecraft:swim_one_cm":38764,"minecraft:fly_one_cm":187872,"minecraft:player_kills":8,"minecraft:open_chest":1,"minecraft:crouch_one_cm":5025,"minecraft:play_time":72803,"minecraft:deaths":7,"minecraft:sneak_time":3413,"minecraft:walk_under_water_one_cm":6487,"minecraft:jump":1447,"minecraft:walk_on_water_one_cm":9185,"minecraft:total_world_time":72803,"minecraft:fish_caught":6,"minecraft:fall_one_cm":39801},"minecraft:used":{"spartanweaponry:stone_warhammer":43,"minecraft:birch_planks":33,"minecraft:stone_pickaxe":108,"minecraft:wooden_pickaxe":3,"minecraft:white_wool":2,"minecraft:dirt":2,"minecraft:crafting_table":6,"minecraft:white_bed":4,"minecraft:birch_door":1,"spartanweaponry:stone_rapier":68,"minecraft:iron_pickaxe":6,"spartanweaponry:stone_boomerang":34,"minecraft:stone_axe":84,"changed:orange":6,"minecraft:fishing_rod":31,"minecraft:cobblestone":34,"minecraft:furnace":1,"minecraft:egg":4}},"DataVersion":2975}