{"stats":{"minecraft:mined":{"minecraft:white_bed":3,"changed:latex_wolf_crystal":1,"minecraft:powder_snow":1,"minecraft:crafting_table":3,"minecraft:grass_block":2,"minecraft:tall_grass":5,"minecraft:cobblestone":9,"changed:latex_crystal":5,"minecraft:furnace":1,"minecraft:birch_log":27,"minecraft:iron_ore":21,"minecraft:birch_leaves":2,"minecraft:pumpkin":11,"minecraft:yellow_bed":1,"minecraft:grass":5,"changed:latex_wolf_crystal_small":1,"minecraft:coal_ore":35,"minecraft:dirt":2,"minecraft:stonecutter":1,"minecraft:stone":47},"minecraft:picked_up":{"minecraft:birch_log":27,"minecraft:crafting_table":3,"changed:dark_latex_mask":1,"minecraft:salmon":3,"changed:dark_latex_crystal_fragment":6,"minecraft:yellow_bed":1,"minecraft:gunpowder":2,"minecraft:dirt":4,"minecraft:string":2,"minecraft:pufferfish":1,"minecraft:bone":1,"minecraft:stonecutter":1,"minecraft:wheat_seeds":5,"changed:dark_latex_goo":40,"minecraft:oak_planks":1,"minecraft:furnace":1,"minecraft:egg":4,"minecraft:raw_iron":21,"minecraft:pumpkin":10,"minecraft:white_bed":3,"changed:orange":26,"minecraft:arrow":2,"minecraft:rotten_flesh":3,"changed:latex_wolf_crystal_fragment":1,"minecraft:cod":8,"minecraft:coal":54,"minecraft:white_wool":42,"minecraft:cobblestone":56},"minecraft:crafted":{"minecraft:fishing_rod":1,"spartanweaponry:pole":4,"minecraft:crafting_table":3,"minecraft:wooden_pickaxe":1,"minecraft:furnace":1,"spartanweaponry:handle":4,"spartanweaponry:stone_rapier":1,"minecraft:birch_planks":108,"minecraft:stone_axe":1,"minecraft:air":0,"minecraft:stick":32,"spartanweaponry:stone_warhammer":1,"minecraft:iron_ingot":5,"minecraft:iron_pickaxe":1,"minecraft:stone_pickaxe":1,"minecraft:white_bed":2,"minecraft:birch_door":3,"minecraft:shears":1,"spartanweaponry:stone_boomerang":1},"minecraft:killed":{"changed:dark_latex_pup":49,"changed:light_latex_wolf_female":1,"changed:light_latex_wolf_male":1,"minecraft:spider":3,"minecraft:creeper":1,"minecraft:skeleton":2,"changed:latex_keon_wolf":1,"minecraft:zombie":2,"changed:latex_orca":1},"minecraft:killed_by":{"minecraft:player":3,"minecraft:skeleton":1},"minecraft:dropped":{"minecraft:furnace":1,"minecraft:stone_axe":1,"changed:benign_pants":1,"minecraft:wheat_seeds":5,"changed:latex_wolf_crystal_fragment":1,"changed:dark_latex_goo":40,"minecraft:raw_iron":16,"minecraft:oak_planks":1,"changed:dark_latex_crystal_fragment":6,"minecraft:coal":17,"changed:dark_latex_mask":1,"minecraft:dirt":2,"minecraft:gunpowder":2,"minecraft:wooden_pickaxe":1},"minecraft:custom":{"minecraft:interact_with_furnace":3,"minecraft:mob_kills":62,"minecraft:interact_with_crafting_table":16,"minecraft:leave_game":5,"minecraft:time_since_death":4227,"minecraft:sleep_in_bed":2,"minecraft:time_since_rest":4258,"minecraft:sprint_one_cm":189485,"minecraft:damage_taken":2497,"minecraft:walk_one_cm":295462,"minecraft:drop":30,"minecraft:damage_dealt":10249,"minecraft:swim_one_cm":41615,"minecraft:fly_one_cm":233588,"minecraft:player_kills":10,"minecraft:open_chest":1,"minecraft:crouch_one_cm":5819,"minecraft:play_time":84803,"minecraft:deaths":9,"minecraft:sneak_time":4263,"minecraft:walk_under_water_one_cm":6546,"minecraft:jump":1673,"minecraft:walk_on_water_one_cm":9345,"minecraft:total_world_time":84803,"minecraft:fish_caught":11,"minecraft:fall_one_cm":57705},"minecraft:used":{"spartanweaponry:stone_warhammer":51,"minecraft:birch_planks":50,"minecraft:stone_pickaxe":108,"minecraft:wooden_pickaxe":3,"minecraft:rotten_flesh":3,"minecraft:white_wool":2,"minecraft:dirt":2,"minecraft:crafting_table":6,"minecraft:white_bed":5,"minecraft:birch_door":1,"spartanweaponry:stone_rapier":72,"minecraft:iron_pickaxe":11,"spartanweaponry:stone_boomerang":34,"minecraft:stone_axe":84,"changed:orange":6,"minecraft:fishing_rod":52,"minecraft:cobblestone":34,"minecraft:furnace":1,"minecraft:egg":4}},"DataVersion":2975}