{"stats":{"minecraft:mined":{"changed:latex_wolf_crystal":1,"minecraft:powder_snow":1,"minecraft:crafting_table":3,"minecraft:cobblestone":7,"minecraft:tall_grass":4,"changed:latex_crystal":1,"minecraft:furnace":1,"minecraft:birch_log":27,"minecraft:iron_ore":17,"minecraft:birch_leaves":2,"minecraft:pumpkin":11,"minecraft:grass":5,"minecraft:coal_ore":35,"minecraft:stone":47},"minecraft:picked_up":{"minecraft:birch_log":27,"minecraft:crafting_table":3,"changed:dark_latex_mask":1,"changed:dark_latex_crystal_fragment":2,"minecraft:gunpowder":2,"minecraft:string":1,"minecraft:bone":1,"minecraft:wheat_seeds":2,"changed:dark_latex_goo":40,"minecraft:furnace":1,"minecraft:egg":2,"minecraft:raw_iron":17,"minecraft:pumpkin":10,"changed:orange":24,"minecraft:coal":54,"minecraft:white_wool":33,"minecraft:cobblestone":53},"minecraft:crafted":{"spartanweaponry:pole":4,"minecraft:crafting_table":2,"minecraft:wooden_pickaxe":1,"minecraft:furnace":1,"spartanweaponry:handle":4,"spartanweaponry:stone_rapier":1,"minecraft:birch_planks":68,"minecraft:stone_axe":1,"minecraft:air":0,"minecraft:stick":32,"spartanweaponry:stone_warhammer":1,"minecraft:iron_ingot":5,"minecraft:iron_pickaxe":1,"minecraft:stone_pickaxe":1,"minecraft:white_bed":2,"minecraft:birch_door":3,"minecraft:shears":1,"spartanweaponry:stone_boomerang":1},"minecraft:killed":{"changed:dark_latex_pup":49,"changed:light_latex_wolf_male":1,"minecraft:spider":2,"minecraft:creeper":1,"minecraft:zombie":1,"changed:latex_keon_wolf":1},"minecraft:killed_by":{"minecraft:player":1},"minecraft:dropped":{"minecraft:stone_axe":1,"minecraft:wheat_seeds":1,"changed:dark_latex_goo":8,"changed:dark_latex_crystal_fragment":1,"minecraft:wooden_pickaxe":1},"minecraft:custom":{"minecraft:interact_with_furnace":3,"minecraft:mob_kills":56,"minecraft:interact_with_crafting_table":15,"minecraft:leave_game":2,"minecraft:time_since_death":4615,"minecraft:sleep_in_bed":2,"minecraft:time_since_rest":4639,"minecraft:sprint_one_cm":78441,"minecraft:damage_taken":385,"minecraft:walk_one_cm":192554,"minecraft:drop":12,"minecraft:damage_dealt":7673,"minecraft:swim_one_cm":18055,"minecraft:player_kills":3,"minecraft:fly_one_cm":82507,"minecraft:crouch_one_cm":407,"minecraft:play_time":40017,"minecraft:deaths":1,"minecraft:sneak_time":493,"minecraft:walk_under_water_one_cm":3702,"minecraft:jump":713,"minecraft:walk_on_water_one_cm":3624,"minecraft:total_world_time":40017,"minecraft:fall_one_cm":11137},"minecraft:used":{"spartanweaponry:stone_warhammer":18,"minecraft:stone_pickaxe":108,"minecraft:wooden_pickaxe":3,"minecraft:crafting_table":5,"minecraft:white_bed":2,"minecraft:birch_door":1,"spartanweaponry:stone_rapier":50,"spartanweaponry:stone_boomerang":17,"minecraft:stone_axe":84,"changed:orange":4,"minecraft:cobblestone":7,"minecraft:furnace":1,"minecraft:egg":2}},"DataVersion":2975}