{
  "minecraft:recipes/tools/wooden_axe": {
    "criteria": {
      "has_stick": "2024-07-20 00:54:46 +0000"
    },
    "done": true
  },
  "minecraft:recipes/redstone/lever": {
    "criteria": {
      "has_cobblestone": "2024-07-20 00:53:27 +0000"
    },
    "done": true
  },
  "spartanweaponry:recipes/spartanweaponry.basic/handle_from_wool": {
    "criteria": {
      "has_stick": "2024-07-20 00:54:46 +0000"
    },
    "done": true
  },
  "spartanweaponry:recipes/spartanweaponry.basic/stone_greatsword": {
    "criteria": {
      "has_cobblestone": "2024-07-20 00:53:27 +0000"
    },
    "done": true
  },
  "minecraft:recipes/building_blocks/cobblestone_stairs_from_cobblestone_stonecutting": {
    "criteria": {
      "has_cobblestone": "2024-07-20 00:53:27 +0000"
    },
    "done": true
  },
  "spartanweaponry:recipes/spartanweaponry.basic/stone_rapier": {
    "criteria": {
      "has_cobblestone": "2024-07-20 00:53:27 +0000"
    },
    "done": true
  },
  "spartanweaponry:recipes/spartanweaponry.basic/wooden_katana": {
    "criteria": {
      "has_wood": "2024-07-20 00:53:05 +0000"
    },
    "done": true
  },
  "spartanweaponry:recipes/spartanweaponry.basic/wooden_quarterstaff": {
    "criteria": {
      "has_wood": "2024-07-20 00:53:05 +0000"
    },
    "done": true
  },
  "spartanweaponry:recipes/spartanweaponry.basic/stone_katana": {
    "criteria": {
      "has_cobblestone": "2024-07-20 00:53:27 +0000"
    },
    "done": true
  },
  "minecraft:recipes/redstone/birch_pressure_plate": {
    "criteria": {
      "has_planks": "2024-07-20 00:53:05 +0000"
    },
    "done": true
  },
  "spartanweaponry:recipes/spartanweaponry.basic/wooden_battleaxe": {
    "criteria": {
      "has_wood": "2024-07-20 00:53:05 +0000"
    },
    "done": true
  },
  "minecraft:recipes/decorations/crafting_table": {
    "criteria": {
      "has_planks": "2024-07-20 00:53:05 +0000"
    },
    "done": true
  },
  "minecraft:recipes/decorations/campfire": {
    "criteria": {
      "has_stick": "2024-07-20 00:54:46 +0000"
    },
    "done": true
  },
  "spartanweaponry:recipes/spartanweaponry.basic/wooden_pike": {
    "criteria": {
      "has_wood": "2024-07-20 00:53:05 +0000"
    },
    "done": true
  },
  "minecraft:recipes/decorations/ladder": {
    "criteria": {
      "has_stick": "2024-07-20 00:54:46 +0000"
    },
    "done": true
  },
  "minecraft:recipes/redstone/birch_button": {
    "criteria": {
      "has_planks": "2024-07-20 00:53:05 +0000"
    },
    "done": true
  },
  "spartanweaponry:recipes/spartanweaponry.basic/stone_lance": {
    "criteria": {
      "has_cobblestone": "2024-07-20 00:53:27 +0000"
    },
    "done": true
  },
  "spartanweaponry:recipes/spartanweaponry.basic/stone_battle_hammer": {
    "criteria": {
      "has_cobblestone": "2024-07-20 00:53:27 +0000"
    },
    "done": true
  },
  "minecraft:changed/transfur_dark": {
    "criteria": {
      "transfurred": "2024-07-20 00:56:32 +0000"
    },
    "done": true
  },
  "spartanweaponry:recipes/spartanweaponry.basic/stone_spear": {
    "criteria": {
      "has_cobblestone": "2024-07-20 00:53:27 +0000"
    },
    "done": true
  },
  "minecraft:recipes/tools/wooden_shovel": {
    "criteria": {
      "has_stick": "2024-07-20 00:54:46 +0000"
    },
    "done": true
  },
  "minecraft:recipes/decorations/torch": {
    "criteria": {
      "has_stone_pickaxe": "2024-07-20 00:54:49 +0000"
    },
    "done": true
  },
  "minecraft:recipes/misc/stick": {
    "criteria": {
      "has_planks": "2024-07-20 00:53:05 +0000"
    },
    "done": true
  },
  "minecraft:recipes/building_blocks/coal_block": {
    "criteria": {
      "has_coal": "2024-07-20 00:58:25 +0000"
    },
    "done": true
  },
  "spartanweaponry:recipes/spartanweaponry.basic/wooden_club": {
    "criteria": {
      "has_wood_log": "2024-07-20 00:47:35 +0000"
    },
    "done": true
  },
  "minecraft:recipes/transportation/spruce_boat": {
    "criteria": {
      "in_water": "2024-07-20 00:59:23 +0000"
    },
    "done": true
  },
  "minecraft:recipes/combat/wooden_sword": {
    "criteria": {
      "has_stick": "2024-07-20 00:54:46 +0000"
    },
    "done": true
  },
  "minecraft:recipes/tools/stone_shovel": {
    "criteria": {
      "has_cobblestone": "2024-07-20 00:53:27 +0000"
    },
    "done": true
  },
  "spartanweaponry:recipes/spartanweaponry.basic/stone_boomerang": {
    "criteria": {
      "has_cobblestone": "2024-07-20 00:53:27 +0000"
    },
    "done": true
  },
  "spartanweaponry:recipes/spartanweaponry.basic/pole_from_leather": {
    "criteria": {
      "has_stick": "2024-07-20 00:54:46 +0000"
    },
    "done": true
  },
  "minecraft:changed/transfur": {
    "criteria": {
      "transfurred": "2024-07-20 00:49:27 +0000"
    },
    "done": true
  },
  "minecraft:recipes/tools/wooden_hoe": {
    "criteria": {
      "has_stick": "2024-07-20 00:54:46 +0000"
    },
    "done": true
  },
  "minecraft:recipes/building_blocks/cobblestone_slab": {
    "criteria": {
      "has_cobblestone": "2024-07-20 00:53:27 +0000"
    },
    "done": true
  },
  "spartanweaponry:recipes/spartanweaponry.basic/wooden_glaive": {
    "criteria": {
      "has_wood": "2024-07-20 00:53:05 +0000"
    },
    "done": true
  },
  "minecraft:recipes/building_blocks/birch_planks": {
    "criteria": {
      "has_logs": "2024-07-20 00:47:35 +0000"
    },
    "done": true
  },
  "minecraft:recipes/building_blocks/cobblestone_stairs": {
    "criteria": {
      "has_cobblestone": "2024-07-20 00:53:27 +0000"
    },
    "done": true
  },
  "minecraft:recipes/building_blocks/birch_slab": {
    "criteria": {
      "has_planks": "2024-07-20 00:53:05 +0000"
    },
    "done": true
  },
  "spartanweaponry:recipes/spartanweaponry.basic/wooden_rapier": {
    "criteria": {
      "has_wood": "2024-07-20 00:53:05 +0000"
    },
    "done": true
  },
  "spartanweaponry:recipes/spartanweaponry.basic/stone_battleaxe": {
    "criteria": {
      "has_cobblestone": "2024-07-20 00:53:27 +0000"
    },
    "done": true
  },
  "changed_addon:organic_transfur_advancement": {
    "criteria": {
      "organic_transfur_advancement": "2024-07-20 00:49:27 +0000"
    },
    "done": true
  },
  "minecraft:recipes/redstone/birch_fence_gate": {
    "criteria": {
      "has_planks": "2024-07-20 00:53:05 +0000"
    },
    "done": true
  },
  "minecraft:story/root": {
    "criteria": {
      "crafting_table": "2024-07-20 00:55:32 +0000"
    },
    "done": true
  },
  "minecraft:recipes/combat/crossbow": {
    "criteria": {
      "has_stick": "2024-07-20 00:54:46 +0000"
    },
    "done": true
  },
  "spartanweaponry:recipes/spartanweaponry.basic/pole_from_wool": {
    "criteria": {
      "has_stick": "2024-07-20 00:54:46 +0000"
    },
    "done": true
  },
  "spartanweaponry:recipes/spartanweaponry.basic/stone_parrying_dagger": {
    "criteria": {
      "has_cobblestone": "2024-07-20 00:53:27 +0000"
    },
    "done": true
  },
  "spartanweaponry:recipes/spartanweaponry.basic/wooden_flanged_mace": {
    "criteria": {
      "has_wood": "2024-07-20 00:53:05 +0000"
    },
    "done": true
  },
  "spartanweaponry:recipes/spartanweaponry.basic/wooden_boomerang": {
    "criteria": {
      "has_wood": "2024-07-20 00:53:05 +0000"
    },
    "done": true
  },
  "spartanweaponry:recipes/spartanweaponry.basic/stone_warhammer": {
    "criteria": {
      "has_cobblestone": "2024-07-20 00:53:27 +0000"
    },
    "done": true
  },
  "spartanweaponry:recipes/spartanweaponry.basic/stone_throwing_knife": {
    "criteria": {
      "has_cobblestone": "2024-07-20 00:53:27 +0000"
    },
    "done": true
  },
  "spartanweaponry:recipes/spartanweaponry.basic/stone_saber": {
    "criteria": {
      "has_cobblestone": "2024-07-20 00:53:27 +0000"
    },
    "done": true
  },
  "spartanweaponry:recipes/spartanweaponry.basic/simple_handle": {
    "criteria": {
      "has_stick": "2024-07-20 00:54:46 +0000"
    },
    "done": true
  },
  "spartanweaponry:recipes/spartanweaponry.basic/wooden_warhammer": {
    "criteria": {
      "has_wood": "2024-07-20 00:53:05 +0000"
    },
    "done": true
  },
  "spartanweaponry:recipes/spartanweaponry.basic/wooden_throwing_knife": {
    "criteria": {
      "has_wood": "2024-07-20 00:53:05 +0000"
    },
    "done": true
  },
  "spartanweaponry:recipes/spartanweaponry.basic/stone_longsword": {
    "criteria": {
      "has_cobblestone": "2024-07-20 00:53:27 +0000"
    },
    "done": true
  },
  "minecraft:story/mine_stone": {
    "criteria": {
      "get_stone": "2024-07-20 00:53:27 +0000"
    },
    "done": true
  },
  "minecraft:recipes/building_blocks/stone": {
    "criteria": {
      "has_cobblestone": "2024-07-20 00:53:27 +0000"
    },
    "done": true
  },
  "minecraft:changed/kill_all_latex": {
    "criteria": {
      "changed:dark_latex_pup": "2024-07-20 00:45:56 +0000"
    },
    "done": false
  },
  "spartanweaponry:recipes/spartanweaponry.basic/wooden_spear": {
    "criteria": {
      "has_wood": "2024-07-20 00:53:05 +0000"
    },
    "done": true
  },
  "minecraft:recipes/decorations/furnace": {
    "criteria": {
      "has_cobblestone": "2024-07-20 00:53:27 +0000"
    },
    "done": true
  },
  "minecraft:adventure/adventuring_time": {
    "criteria": {
      "minecraft:birch_forest": "2024-07-20 00:50:25 +0000",
      "minecraft:grove": "2024-07-20 00:50:41 +0000",
      "minecraft:forest": "2024-07-20 00:45:43 +0000",
      "minecraft:frozen_peaks": "2024-07-20 00:51:50 +0000",
      "minecraft:plains": "2024-07-20 00:56:50 +0000"
    },
    "done": false
  },
  "spartanweaponry:recipes/spartanweaponry.basic/wooden_longbow": {
    "criteria": {
      "has_wood": "2024-07-20 00:53:05 +0000"
    },
    "done": true
  },
  "spartanweaponry:recipes/spartanweaponry.basic/wooden_scythe": {
    "criteria": {
      "has_wood": "2024-07-20 00:53:05 +0000"
    },
    "done": true
  },
  "minecraft:recipes/misc/charcoal": {
    "criteria": {
      "has_log": "2024-07-20 00:47:35 +0000"
    },
    "done": true
  },
  "spartanweaponry:recipes/spartanweaponry.basic/stone_glaive": {
    "criteria": {
      "has_cobblestone": "2024-07-20 00:53:27 +0000"
    },
    "done": true
  },
  "changed_addon:changedaddon_advancement": {
    "criteria": {
      "changedaddon_advancement": "2024-07-20 00:44:59 +0000"
    },
    "done": true
  },
  "spartanweaponry:recipes/spartanweaponry.basic/wooden_javelin": {
    "criteria": {
      "has_wood": "2024-07-20 00:53:05 +0000"
    },
    "done": true
  },
  "minecraft:recipes/tools/wooden_pickaxe": {
    "criteria": {
      "has_stick": "2024-07-20 00:54:46 +0000"
    },
    "done": true
  },
  "minecraft:recipes/building_blocks/cobblestone_slab_from_cobblestone_stonecutting": {
    "criteria": {
      "has_cobblestone": "2024-07-20 00:53:27 +0000"
    },
    "done": true
  },
  "minecraft:husbandry/root": {
    "criteria": {
      "consumed_item": "2024-07-20 00:52:20 +0000"
    },
    "done": true
  },
  "minecraft:recipes/transportation/birch_boat": {
    "criteria": {
      "in_water": "2024-07-20 00:59:23 +0000"
    },
    "done": true
  },
  "minecraft:recipes/combat/stone_sword": {
    "criteria": {
      "has_cobblestone": "2024-07-20 00:53:27 +0000"
    },
    "done": true
  },
  "minecraft:recipes/decorations/cobblestone_wall": {
    "criteria": {
      "has_cobblestone": "2024-07-20 00:53:27 +0000"
    },
    "done": true
  },
  "minecraft:recipes/decorations/barrel": {
    "criteria": {
      "has_planks": "2024-07-20 00:53:05 +0000"
    },
    "done": true
  },
  "spartanweaponry:recipes/spartanweaponry.basic/stone_halberd": {
    "criteria": {
      "has_cobblestone": "2024-07-20 00:53:27 +0000"
    },
    "done": true
  },
  "minecraft:recipes/transportation/acacia_boat": {
    "criteria": {
      "in_water": "2024-07-20 00:59:23 +0000"
    },
    "done": true
  },
  "minecraft:recipes/tools/stone_pickaxe": {
    "criteria": {
      "has_cobblestone": "2024-07-20 00:53:27 +0000"
    },
    "done": true
  },
  "spartanweaponry:recipes/spartanweaponry.basic/wooden_parrying_dagger": {
    "criteria": {
      "has_wood": "2024-07-20 00:53:05 +0000"
    },
    "done": true
  },
  "minecraft:recipes/decorations/birch_sign": {
    "criteria": {
      "has_planks": "2024-07-20 00:53:05 +0000"
    },
    "done": true
  },
  "spartanweaponry:recipes/spartanweaponry.basic/handle_from_leather": {
    "criteria": {
      "has_stick": "2024-07-20 00:54:46 +0000"
    },
    "done": true
  },
  "minecraft:adventure/root": {
    "criteria": {
      "killed_something": "2024-07-20 00:45:56 +0000"
    },
    "done": true
  },
  "spartanweaponry:recipes/spartanweaponry.basic/stone_dagger": {
    "criteria": {
      "has_cobblestone": "2024-07-20 00:53:27 +0000"
    },
    "done": true
  },
  "minecraft:recipes/transportation/jungle_boat": {
    "criteria": {
      "in_water": "2024-07-20 00:59:23 +0000"
    },
    "done": true
  },
  "spartanweaponry:recipes/spartanweaponry.basic/wooden_saber": {
    "criteria": {
      "has_wood": "2024-07-20 00:53:05 +0000"
    },
    "done": true
  },
  "minecraft:recipes/decorations/cobblestone_wall_from_cobblestone_stonecutting": {
    "criteria": {
      "has_cobblestone": "2024-07-20 00:53:27 +0000"
    },
    "done": true
  },
  "minecraft:recipes/building_blocks/birch_stairs": {
    "criteria": {
      "has_planks": "2024-07-20 00:53:05 +0000"
    },
    "done": true
  },
  "spartanweaponry:recipes/spartanweaponry.basic/wooden_dagger": {
    "criteria": {
      "has_wood": "2024-07-20 00:53:05 +0000"
    },
    "done": true
  },
  "minecraft:recipes/tools/stone_hoe": {
    "criteria": {
      "has_cobblestone": "2024-07-20 00:53:27 +0000"
    },
    "done": true
  },
  "spartanweaponry:recipes/spartanweaponry.basic/stone_scythe": {
    "criteria": {
      "has_cobblestone": "2024-07-20 00:53:27 +0000"
    },
    "done": true
  },
  "minecraft:recipes/transportation/dark_oak_boat": {
    "criteria": {
      "in_water": "2024-07-20 00:59:23 +0000"
    },
    "done": true
  },
  "spartanweaponry:recipes/spartanweaponry.basic/wooden_longsword": {
    "criteria": {
      "has_wood": "2024-07-20 00:53:05 +0000"
    },
    "done": true
  },
  "minecraft:recipes/building_blocks/birch_wood": {
    "criteria": {
      "has_log": "2024-07-20 00:47:35 +0000"
    },
    "done": true
  },
  "spartanweaponry:recipes/spartanweaponry.basic/wooden_tomahawk": {
    "criteria": {
      "has_wood": "2024-07-20 00:53:05 +0000"
    },
    "done": true
  },
  "minecraft:recipes/redstone/birch_trapdoor": {
    "criteria": {
      "has_planks": "2024-07-20 00:53:05 +0000"
    },
    "done": true
  },
  "spartanweaponry:recipes/spartanweaponry.basic/wooden_heavy_crossbow": {
    "criteria": {
      "has_wood": "2024-07-20 00:53:05 +0000"
    },
    "done": true
  },
  "spartanweaponry:recipes/spartanweaponry.basic/stone_quarterstaff": {
    "criteria": {
      "has_cobblestone": "2024-07-20 00:53:27 +0000"
    },
    "done": true
  },
  "spartanweaponry:recipes/spartanweaponry.basic/pole_from_string": {
    "criteria": {
      "has_stick": "2024-07-20 00:54:46 +0000"
    },
    "done": true
  },
  "spartanweaponry:recipes/spartanweaponry.basic/stone_pike": {
    "criteria": {
      "has_cobblestone": "2024-07-20 00:53:27 +0000"
    },
    "done": true
  },
  "minecraft:recipes/redstone/birch_door": {
    "criteria": {
      "has_planks": "2024-07-20 00:53:05 +0000"
    },
    "done": true
  },
  "spartanweaponry:recipes/spartanweaponry.basic/wooden_lance": {
    "criteria": {
      "has_wood": "2024-07-20 00:53:05 +0000"
    },
    "done": true
  },
  "spartanweaponry:recipes/spartanweaponry.basic/wooden_battle_hammer": {
    "criteria": {
      "has_wood": "2024-07-20 00:53:05 +0000"
    },
    "done": true
  },
  "spartanweaponry:recipes/spartanweaponry.basic/wooden_greatsword": {
    "criteria": {
      "has_wood": "2024-07-20 00:53:05 +0000"
    },
    "done": true
  },
  "minecraft:story/upgrade_tools": {
    "criteria": {
      "stone_pickaxe": "2024-07-20 00:54:49 +0000"
    },
    "done": true
  },
  "minecraft:recipes/transportation/oak_boat": {
    "criteria": {
      "in_water": "2024-07-20 00:59:23 +0000"
    },
    "done": true
  },
  "minecraft:recipes/decorations/soul_campfire": {
    "criteria": {
      "has_stick": "2024-07-20 00:54:46 +0000"
    },
    "done": true
  },
  "minecraft:recipes/tools/stone_axe": {
    "criteria": {
      "has_cobblestone": "2024-07-20 00:53:27 +0000"
    },
    "done": true
  },
  "minecraft:recipes/decorations/birch_fence": {
    "criteria": {
      "has_planks": "2024-07-20 00:53:05 +0000"
    },
    "done": true
  },
  "spartanweaponry:recipes/spartanweaponry.basic/stone_javelin": {
    "criteria": {
      "has_cobblestone": "2024-07-20 00:53:27 +0000"
    },
    "done": true
  },
  "spartanweaponry:recipes/spartanweaponry.basic/stone_flanged_mace": {
    "criteria": {
      "has_cobblestone": "2024-07-20 00:53:27 +0000"
    },
    "done": true
  },
  "spartanweaponry:recipes/spartanweaponry.basic/wooden_halberd": {
    "criteria": {
      "has_wood": "2024-07-20 00:53:05 +0000"
    },
    "done": true
  },
  "spartanweaponry:recipes/spartanweaponry.basic/stone_tomahawk": {
    "criteria": {
      "has_cobblestone": "2024-07-20 00:53:27 +0000"
    },
    "done": true
  },
  "DataVersion": 2975
}